{
  "metadata": {
    "schemaVersion": "1.0",
    "importType": "LEX",
    "importFormat": "JSON"
  },
  "resource": {
    "name": "riskLevel",
    "version": "3",
    "enumerationValues": [
      {
        "value": "high",
        "synonyms": [
          "high"
        ]
      },
      {
        "value": "low",
        "synonyms": [
          "low"
        ]
      },
      {
        "value": "very high",
        "synonyms": [
          "very high"
        ]
      },
      {
        "value": "none",
        "synonyms": [
          "none"
        ]
      },
      {
        "value": "medium",
        "synonyms": [
          "medium"
        ]
      },
      {
        "value": "very low",
        "synonyms": [
          "very low"
        ]
      }
    ],
    "valueSelectionStrategy": "TOP_RESOLUTION"
  }
}